timestamp_ms,price_usd
1773946887892,2124.679246
1773950410572,2142.692183
1773954086296,2145.877769
1773957688367,2151.617192
1773961385575,2138.640409
1773964955662,2137.450038
1773968557626,2144.866304
1773972202814,2152.255787
1773975654262,2145.459025
1773979392703,2152.099599
1773982951897,2147.259591
1773986583763,2139.785496
1773990184768,2136.549801
1773993731247,2151.042080
1773997359188,2163.825581
1774000994137,2139.796695
1774004578303,2148.026406
1774008138234,2140.658894
1774011750413,2140.230458
1774015340396,2127.033970
1774018959013,2128.848188
1774022590167,2133.509132
1774026186089,2138.314450
1774029765928,2136.452565
1774033337376,2121.414705
1774036925461,2132.472623
1774040567533,2132.486118
1774044115864,2147.468837
1774047776481,2155.884509
1774051239457,2146.332692
1774054928829,2152.874595
1774058521951,2147.662392
1774062149643,2153.899615
1774065690425,2153.253707
1774069356491,2151.447203
1774073289909,2153.212760
1774076500261,2154.646074
1774080376976,2154.803735
1774083755314,2153.596227
1774087455505,2158.057519
1774091072172,2153.506196
1774094623611,2156.842260
1774098230861,2157.449429
1774101788492,2155.288404
1774105450307,2150.724091
1774109008574,2155.177054
1774112662543,2146.008634
1774116284771,2148.309447
1774119959558,2151.727768
1774123374423,2151.810478
1774126876575,2155.544300
1774130614846,2153.068348
1774134200403,2149.826408
1774137846926,2078.049213
1774141435522,2086.196335
1774144815688,2089.327604
1774148591891,2103.464948
1774152181211,2113.587948
1774155813798,2118.661899
1774159449164,2112.697918
1774163070889,2108.065655
1774166619108,2094.895401
1774170246979,2086.456309
1774173823613,2085.032229
1774177392512,2081.642415
1774181034523,2069.665230
1774184566835,2082.205612
1774188184250,2079.559591
1774191760881,2077.876096
1774195340664,2081.812669
1774198933107,2082.448490
1774202596033,2080.480878
1774206013112,2069.815487
1774209771256,2062.426324
1774213398296,2059.107163
1774216984537,2044.357876
1774220524354,2061.280464
1774224191234,2053.144957
1774227761672,2043.608712
1774231397277,2048.614946
1774234836402,2062.042740
1774238516708,2051.841990
1774242140034,2063.790454
1774245709462,2068.130851
1774249243356,2035.781002
1774252948601,2044.376404
1774256536787,2048.558177
1774260178630,2040.530061
1774263780949,2048.345608
1774267377448,2136.456247
1774270891902,2142.285645
1774274612688,2181.637363
1774278079522,2180.633902
1774281621256,2126.172484
1774285414595,2134.611505
1774289023745,2152.337221
1774292633090,2168.737205
1774296224120,2154.246483
1774299828129,2161.438810
1774303375174,2159.149520
1774307027858,2153.057089
1774310611176,2151.498275
1774314231882,2143.717614
1774317784083,2136.853257
1774321410090,2135.477315
1774324992446,2140.430932
1774328605250,2135.997296
1774332112540,2132.742878
1774335703944,2143.518150
1774339287833,2166.047579
1774342880851,2154.285196
1774346441306,2164.435581
1774350097009,2160.498328
1774353712064,2164.277426
1774357317407,2162.198672
1774360888749,2136.955166
1774364512964,2134.875235
1774368104715,2133.369351
1774371711058,2125.918393
1774375294962,2108.898497
1774378809818,2118.099873
1774382515462,2114.745931
1774386104284,2148.342616
1774389714879,2146.854259
1774393298778,2146.189880
1774396903041,2155.681761
1774400502442,2161.443921
1774404114601,2158.289435
1774407627591,2154.569301
1774411297082,2157.806808
1774414897180,2165.036283
1774418533094,2168.064943
1774422123898,2166.013434
1774425755356,2164.531166
1774429253034,2176.206993
1774432879986,2185.490738
1774436541211,2184.808877
1774440151728,2185.070293
1774443619019,2183.806411
1774447373180,2185.590288
1774450929424,2175.505786
1774454594658,2162.774686
1774458216759,2174.157385
1774461778476,2162.297702
1774465388410,2160.929561
1774468958016,2168.766445
1774472627290,2165.678251
1774476176579,2162.920946
1774479748802,2173.428202
1774483412656,2168.259577
1774486981108,2164.833494
1774490547324,2164.643880
1774494234127,2148.336660
1774497796894,2152.463284
1774501273364,2148.605049
1774505004832,2117.072710
1774508608262,2120.979138
1774512136452,2122.253442
1774515674242,2118.907743
1774519326205,2082.581101
1774522958084,2077.262603
1774526571702,2067.479806
1774530062861,2072.740010
1774533619726,2078.756474
1774537350526,2076.063516
1774540929802,2069.460673
1774544545527,2059.779722
1774548125015,2050.175986
1774551621668,2044.987733
1774555388313,2048.280507
1774558976159,2063.442525
1774562509882,2068.036688
1774566065259,2063.674922
1774569726462,2059.332620
1774573319800,2063.702229
1774576934671,2072.214314
1774580564472,2067.212689
1774584105909,2059.943064
1774587727548,2051.600844
1774591339161,2059.911776
1774594883618,2061.101028
1774598500295,2064.185145
1774602133958,2047.171734
1774605630384,2041.141075
1774609350321,1991.544625
1774612899148,1990.009737
1774616518767,1988.327083
1774620029261,1976.689680
1774623665651,1987.453293
1774627272104,1989.793721
1774630957094,1985.733871
1774634488292,1976.258952
1774638106145,1983.458205
1774641719881,1993.084944
1774645263869,1984.748485
1774648846754,1984.125040
1774652521384,1984.187044
1774656123791,1990.822283
1774659726025,1991.113359
1774663304049,1987.930646
1774666934267,1985.540723
1774670516132,1987.615337
1774674135687,1988.412523
1774677615408,1993.000835
1774681308375,1999.775133
1774684823763,2005.882498
1774688418086,1997.795237
1774692121447,1998.124851
1774695692758,1995.198503
1774699321699,1996.817930
1774702900501,1998.521976
1774706545454,2024.078836
1774710107208,2018.955594
1774713709058,2024.525856
1774717341347,2023.763906
1774720921333,2019.529427
1774724418013,2020.915804
1774728021256,2018.849655
1774731719535,2022.977760
1774735349080,2009.207681
1774738851509,2010.137138
1774742550921,1992.768112
1774746138325,1995.668066
1774749623230,2003.363274
1774753395897,2007.305046
1774756825293,2009.965304
1774760574932,2004.193526
1774764155575,2004.618494
1774767660557,2003.645792
1774771335047,2004.944044
1774774976313,2002.703630
1774778539972,1997.640310
1774782038065,1994.776096
1774785788409,2002.840377
1774789264650,2000.555487
1774792987154,1985.937678
1774796620132,1991.871066
1774800209191,1991.109416
1774803755261,1995.878815
1774807341781,1993.695605
1774810935018,1995.882474
1774814536354,1993.835770
1774818204750,2000.775126
1774821780062,2005.094381
1774825344930,1972.582583
1774828945081,1983.184168
1774832576383,1996.737354
1774836034809,2008.413225
1774839748435,2028.757171
1774843315274,2034.954931
1774846898882,2047.104721
1774850557241,2046.953151
1774854138937,2041.549600
1774857729607,2057.060858
1774861359318,2061.257063
1774864934852,2053.314615
1774868452942,2055.488420
1774872167331,2067.684679
1774875776153,2073.562538
1774879338327,2059.256556
1774882945068,2069.956936
1774886553011,2072.603536
1774890139087,2061.073492
1774893716696,2040.104362
1774897395626,2029.788888
1774900845083,2021.186028
1774904567619,2023.057569
1774908150177,2036.500371
1774911602128,2030.074618
1774915336724,2023.824017
1774918949031,2033.763661
1774922600170,2072.860229
1774926120735,2073.272686
1774929616965,2065.843978
1774933419626,2059.267088
1774937002489,2062.251868
1774940594254,2060.523289
1774944127952,2053.684722
1774947755256,2039.239531
1774951352791,2014.772445
1774954931223,2024.535194
1774958569834,2038.957998
1774962087203,2045.802575
1774965753159,2071.115849
1774969225226,2044.916807
1774972841140,2053.570570
1774976557905,2088.285909
1774980130643,2090.577150
1774983740604,2097.119346
1774987201357,2094.350611
1774990867782,2105.168710
1774994552087,2100.580813
1774998186200,2094.498699
1775001734514,2104.876586
1775005395011,2111.899371
1775008856151,2091.552683
1775012517529,2086.794842
1775016224251,2100.460335
1775019819468,2109.188077
1775023224029,2121.830902
1775027037437,2150.612240
1775030493392,2129.716085
1775034061110,2137.469240
1775037677811,2135.901404
1775041322992,2131.258865
1775044911296,2134.752712
1775048464085,2129.800654
1775052114285,2118.952790
1775055745909,2125.954587
1775059290741,2135.368308
1775062817391,2145.039026
1775066581331,2136.271398
1775070200007,2127.540731
1775073750273,2142.467117
1775077383413,2143.761440
1775080941419,2158.958209
1775084545001,2140.021747
1775088146694,2139.057889
1775091723538,2157.012122
1775095373868,2100.009581
1775098965099,2073.967654
1775102513459,2056.191916
1775106113620,2044.721012
1775109726944,2049.669727
1775113368795,2049.742666
1775116999088,2055.333136
1775120530553,2046.342453
1775124044955,2043.153021
1775127739486,2038.060132
1775131323565,2033.007848
1775134815552,2026.616605
1775138564058,2034.637164
1775142164160,2065.179106
1775145796672,2058.663051
1775149356650,2064.364325
1775152980204,2046.751814
1775156538262,2058.078070
1775160117333,2065.199860
1775163773588,2068.267540
1775167356843,2062.257262
1775170983896,2061.084999
1775174623683,2056.890296
1775178160933,2052.301497
1775181747981,2049.654142
1775185436752,2051.456279
1775188956365,2054.075518
1775192552102,2054.589908
1775196108376,2056.787298
1775199786059,2063.283857
1775203378863,2065.581559
1775206938130,2060.818613
1775210581060,2061.056565
1775214183489,2059.917417
1775217773220,2062.515878
1775221344341,2050.428684
1775224951157,2048.410769
1775228444953,2055.269496
1775232069051,2051.497255
1775235759297,2054.815623
1775239375635,2050.022687
1775242996843,2048.710151
1775246545300,2052.414695
1775250235567,2052.816741
1775253856260,2058.386443
1775257454228,2051.959840
1775261313973,2052.040627
1775264670076,2051.834102
1775269157524,2049.460633
1775274981385,2050.175196
1775277789286,2050.762401
1775280633226,2051.257020
1775285553124,2054.431111
1775289511362,2052.144190
1775292299073,2052.510171
1775296713855,2049.714266
1775299994105,2053.016344
1775300529502,2053.929602
1775304142034,2051.141168
1775307742249,2049.532166
1775311308002,2053.532023
1775314956466,2052.324708
1775318460948,2055.727431
1775322129147,2057.624927
1775325783734,2056.775036
1775329348768,2055.059346
1775332935838,2065.931463
1775336582382,2062.341979
1775340164724,2068.388449
1775343732646,2069.016802
1775347311661,2065.523138
1775350907013,2061.184953
1775354503387,2057.604028
1775358187459,2059.433758
1775361727305,2055.881192
1775365381057,2054.577400
1775368983987,2047.925676
1775372591817,2038.741164
1775376174658,2036.678737
1775379792088,2038.850895
1775383238185,2044.261901
1775386949575,2044.223990
1775390590762,2041.750390
1775394198546,2028.298925
1775397796198,2035.656852
1775401402219,2037.693220
1775404820079,2053.007243
1775408672723,2051.006394
1775412219989,2061.227484
1775415817955,2061.520752
1775419411403,2060.347315
1775422995066,2068.014880
1775426583790,2060.852032
1775430162584,2084.138897
1775433765505,2109.005556
1775437412946,2121.444948
1775440937328,2115.094763
1775444932421,2132.848404
1775448169990,2127.644809
1775451729086,2130.245652
1775455364493,2130.386287
1775458973715,2126.846338
1775462588879,2134.268021
1775466184795,2138.313392
1775469812643,2151.035845
1775473428922,2152.027211
1775477029088,2151.361917
1775480618427,2143.916994
1775484233843,2144.176220
1775487801781,2158.133398
1775491377155,2164.396552
1775494999719,2143.002132
1775498660451,2134.897243
1775502174393,2144.491812
1775505769314,2144.545043
1775509422084,2149.281662
1775513015888,2139.662347
1775516612432,2111.367834
1775520174929,2107.828320
1775523793498,2113.657607
1775527376649,2100.386104
1775531006432,2105.597346
1775534533959,2107.743347
1775538133050,2114.833571
1775541797511,2104.688152
1775545283804,2103.628581
1775548971420,2103.691857
1775552631551,2115.542487
1775556168161,2128.145416
1775559754944,2089.013360
1775563422206,2089.694218
1775567049018,2087.243274
1775570567139,2076.647932
1775574256274,2071.409153
1775577741562,2079.477617
1775581402472,2083.437232
1775584983095,2099.822010
1775588640757,2085.584029
1775592201421,2111.609367
1775595813565,2114.106028
1775599409209,2144.703773
1775602970642,2208.355012
1775606643402,2241.815990
1775610218276,2234.615610
1775613767625,2234.588593
1775617451352,2234.578549
1775620987102,2234.304553
1775624511825,2244.686394
1775628114075,2240.193816
1775631775795,2245.658772
1775635354991,2252.109134
1775638915775,2255.813461
1775642536084,2249.790008
1775646145792,2244.275887
1775649724680,2246.964207
1775653340404,2256.391906
1775656935240,2236.400075
1775660560208,2192.179075
1775664152663,2215.599584
1775667714023,2222.530120
1775671301904,2231.723538
1775674941353,2202.622602
1775678535563,2207.803484
1775682110746,2209.582570
1775685726957,2213.711092
1775689348459,2190.951622
1775692952826,2190.478568
1775696516086,2184.568977
1775700089979,2177.417701
1775703701774,2182.100505
1775707390366,2182.743847
1775711075383,2177.827434
1775714680187,2181.485795
1775718207764,2181.139470
1775721752938,2181.237473
1775725353231,2186.316572
1775728935289,2193.932912
1775732576613,2192.198321
1775736149724,2180.172091
1775739683910,2182.788437
1775743323845,2164.894541
1775746978505,2177.165379
1775750593203,2217.067374
1775754148467,2206.885459
1775757805226,2222.457833
1775761350842,2207.546229
1775764985746,2216.770732
1775768566107,2212.311610
1775772177646,2211.319186
1775775763535,2201.240376
1775779333777,2188.974427
1775782850822,2194.160062
1775786546279,2195.737364
1775790148579,2188.209237
1775793756739,2185.978706
1775797357446,2194.783225
1775801053106,2196.477224
1775804601856,2185.572400
1775808222731,2179.271013
1775811865435,2186.068303
1775815348867,2195.920511
1775818949117,2197.763506
1775822517583,2216.179020
1775826017710,2219.393793
1775829748072,2224.345776
1775833279127,2243.306060
1775836908440,2222.949264
1775840544675,2246.294174
1775844077809,2248.494958
1775847774300,2250.213732
1775851324058,2254.403106
1775856448634,2249.347277
1775860338939,2248.060436
1775864597846,2243.174492
1775868753579,2238.399702
1775872692076,2245.071880
1775875977749,2246.676874
1775879989066,2238.397114
1775882263702,2241.356452
1775886143155,2235.754362
1775890498163,2236.338596
1775891622517,2235.317362
1775897000288,2234.637758
1775901023846,2243.947190
1775903031415,2240.631962
1775908798373,2246.580191
1775909076832,2246.580191
1775913165551,2241.566438
1775918019861,2242.667767
1775921102134,2249.400936
1775924609818,2249.478055
1775930398796,2259.947358
1775930925322,2259.969299
1775934537955,2307.562979
1775939746060,2293.787136
1775943369816,2301.174956
1775946773308,2306.736689
1775951698015,2285.470139
1775952083797,2285.561061
1775957730976,2273.937900
1775958346916,2232.806650
1775958663141,2219.478343
1775958725139,2219.478343
1775958777993,2219.478343
1775958812415,2219.478343
1775959248817,2219.841232
1775962851363,2225.539780
1775966443095,2216.951772
1775970048893,2212.612455
1775973663521,2218.125892
1775977248686,2216.584047
1775980875849,2220.279110
1775984456131,2214.087176
1775988066875,2214.765926
1775991647358,2201.149522
1775995261954,2205.266097
1775998858051,2196.840202
1776002466767,2187.817444
1776006049457,2182.285836
1776009644808,2186.530473
1776013257095,2186.501047
1776016868812,2204.039843
1776020458894,2201.438963
1776024050730,2198.923666
1776027648827,2213.295166
1776031253205,2209.852349
1776034852994,2199.150727
1776038454317,2192.160845
1776042061703,2205.311793
1776045645564,2203.954880
1776049267238,2194.403491
1776052820570,2194.665714
1776056473497,2190.954063
1776060077975,2189.251012
1776063658066,2199.107042
1776067253745,2187.972523
1776070869201,2184.952867
1776074457876,2188.451254
1776078066883,2183.321386
1776081625748,2188.088926
1776085256100,2193.389528
1776088836279,2210.817192
1776092415406,2231.452287
1776096077848,2209.500749
1776099666295,2226.711778
1776103255468,2225.827655
1776106813889,2233.050339
1776110448454,2264.090287
1776114038160,2254.062309
1776117640866,2261.295759
1776121226897,2354.336016
1776124845897,2371.863296
1776128458220,2362.320750
1776132003674,2369.589576
1776135651300,2368.596576
1776139231252,2366.429713
1776142831405,2364.291583
1776146447313,2356.365526
1776150012924,2374.674072
1776153615647,2377.746183
1776157242681,2387.739451
1776160801251,2388.100943
1776164457208,2376.505918
1776168052355,2375.733073
1776171634991,2374.252077
1776175259983,2392.122751
1776178862229,2361.314537
1776182434502,2366.845442
1776186031418,2332.664970
1776189634032,2337.973223
1776193258780,2315.549753
1776196821485,2314.331959
1776200418192,2312.425853
1776204050238,2325.112557
1776207617758,2316.427523
1776211239187,2323.217827
1776214808987,2334.600371
1776218402808,2336.377527
1776222012062,2325.225456
1776225647712,2329.181030
1776229210780,2333.665869
1776232848049,2320.652564
1776236463499,2317.292447
1776240043338,2316.641949
1776243618138,2328.424719
1776247239477,2320.904284
1776250801877,2322.719684
1776254414983,2335.763731
1776258015913,2337.505669
1776261604131,2327.487330
1776265234288,2337.895878
1776268835249,2331.837670
1776272433864,2340.382853
1776276031564,2347.915868
1776279662267,2359.025355
1776283249291,2375.968711
1776286821990,2363.656994
1776290440530,2360.453897
1776294031250,2365.027481
1776297642694,2359.683410
1776301238226,2360.943596
1776304836179,2351.648420
1776308434084,2359.256989
1776312073883,2358.683142
1776315640632,2354.667346
1776319246535,2356.904220
1776322859211,2355.288562
1776326433723,2341.322831
1776330037961,2339.735751
1776333648635,2338.918837
1776337207102,2332.752374
1776340843884,2335.536480
1776344457656,2340.351729
1776348018697,2306.365154
1776351611468,2308.815671
1776355251731,2340.056896
1776358851218,2317.287630
1776362423622,2323.262564
1776366042670,2342.580814
1776369653211,2360.607411
1776373239189,2350.212417
1776376827548,2341.130163
1776380458300,2342.797274
1776384030137,2348.704708
1776387611883,2345.234338
1776391224441,2337.672896
1776394880155,2331.202692
1776398437726,2327.037582
1776402045438,2329.574166
1776405645827,2319.420574
1776409252166,2330.975415
1776412873303,2333.693620
1776416461292,2355.055291
1776420035548,2359.293959
1776423604077,2344.555455
1776427276186,2355.081945
1776430859734,2372.163514
1776434454099,2437.635759
1776438059421,2448.945072
1776441676367,2443.944878
1776445238050,2451.211712
1776448816597,2440.288543
1776452453964,2420.558416
1776456053541,2431.008459
1776459658147,2427.280804
1776463263121,2430.804491
1776466840466,2434.481866
1776470409558,2421.006954
1776474021631,2420.334836
1776477611397,2420.503441
1776481213501,2420.227402
1776484841723,2404.391191
1776488438704,2409.276546
1776492052667,2409.309409
1776495665464,2410.435194
1776499241542,2405.028867
1776502840571,2381.129008
1776506444141,2376.627234
1776510021021,2359.444670
1776513651736,2353.497655
1776517264018,2358.326031
1776520839695,2356.322150
1776524435959,2365.182340
1776528014406,2363.853117
1776531643590,2360.770793
1776535253384,2363.103035
1776538875308,2347.858306
1776542449171,2349.840649
1776546070857,2353.540958
1776549619480,2354.686026
1776553243126,2357.517955
1776556810670,2350.936004
1776560455916,2349.009689
1776564010566,2348.571227
1776567672429,2340.369509
1776571206685,2340.402320
1776574850243,2333.682592
1776578470043,2333.359272
1776582044572,2327.104981
1776585632374,2318.011566
1776589212827,2319.043254
1776592835292,2310.421599
1776596456060,2319.255669
1776600037746,2330.003601
1776603609773,2333.258667
1776607221256,2338.857411
1776610808002,2339.329071
1776614417848,2330.287256
1776618053349,2312.737556
1776621635724,2298.301033
1776625255107,2296.008605
1776628854105,2300.276015
1776632447741,2282.523628
1776636032805,2278.249409
1776639633627,2273.673171
1776643249480,2264.814399
1776646802846,2282.586224
1776650444156,2287.163178
1776654045399,2278.914896
1776657630484,2287.475990
1776661251242,2283.809414
1776664847816,2270.668783
1776668443744,2286.027842
1776672011105,2296.305069
1776675637702,2294.101746
1776679247288,2309.506014
1776682848070,2304.649447
1776686430880,2308.497402
1776690039060,2318.628734
1776693608167,2313.713906
1776697260669,2289.020123
1776700806919,2311.694040
1776704432593,2300.248407
1776708023939,2318.735624
1776711677886,2335.229782
1776715237341,2333.081847
1776718856569,2338.894745
1776722439531,2322.157337
1776726011283,2320.164288
1776729630930,2315.024147
1776733239894,2321.970245
1776736859420,2314.815648
1776740448906,2309.740916
1776744052569,2312.471178
1776747637106,2315.109185
1776751271815,2315.113876
1776754870986,2318.933407
1776758439037,2319.885959
1776762009823,2324.334687
1776765642067,2325.373336
1776769230223,2333.607632
1776772854016,2321.378459
1776776463544,2307.938801
1776780021385,2313.115719
1776783632423,2303.194930
1776787227039,2308.616108
1776790803653,2310.006155
1776794400622,2305.582945
1776798044986,2312.404220
1776801669977,2297.443379
1776805242306,2319.239649
1776808830618,2313.131852
1776812427510,2311.688756
1776816019335,2327.511633
1776819632612,2324.671335
1776823250580,2323.766070
1776826853132,2371.190629
1776830441286,2365.233257
1776834028972,2362.899908
1776837646966,2397.708657
1776841207792,2391.912119
1776844833933,2391.015170
1776848458238,2387.947822
1776852002913,2387.418671
1776855638784,2390.299127
1776859257216,2398.238120
1776862859050,2405.381126
1776866452031,2415.428347
1776870014012,2404.526951
1776873657045,2405.293209
1776877230431,2386.781950
1776880850653,2399.934927
1776884441115,2398.262652
1776888054872,2398.902420
1776891652730,2392.093326
1776895201134,2403.557012
1776898804049,2398.368731
1776902453562,2375.766672
1776906048459,2371.800082
1776909671249,2366.749903
1776913249721,2353.182479
1776916827123,2340.165398
1776920422821,2348.242979
1776924035216,2349.306223
1776927613860,2355.511648
1776931219027,2344.079001
1776934817874,2340.604347
1776938427183,2317.030108
1776942005178,2314.547854
1776945632228,2329.906648
1776949268752,2328.388288
1776952803090,2320.021439
1776956470589,2334.244807
1776960073678,2333.143975
1776963616342,2326.329254
1776967215655,2310.087176
1776970831323,2309.488431
1776974415664,2317.683916
1776978008387,2324.019523
1776981649804,2326.296656
1776985241018,2332.663724
1776988839868,2330.827582
1776992442938,2331.714107
1776996018568,2333.229212
1776999643046,2320.365615
1777003274637,2308.686832
1777006842544,2307.394296
1777010430321,2315.464105
1777014055072,2310.040640
1777017651891,2310.428397
1777021235379,2316.796624
1777024838889,2310.012163
1777028457798,2317.660773
1777032022930,2328.951150
1777035660631,2323.590520
1777039244490,2316.955818
1777042829591,2313.640776
1777046450688,2322.822906
1777050048651,2315.460465
1777053649742,2319.658213
1777057206732,2319.665640
1777060829804,2322.124799
1777064431136,2327.575990
1777068038170,2317.577970
1777071652446,2312.735816
1777075229644,2315.512435
1777078840549,2316.147381
1777082438874,2319.111538
1777086046337,2317.781736
1777089631640,2318.845368
1777093220744,2317.417128
1777096807032,2316.031163
1777100461417,2317.083706
1777104020081,2317.868912
1777107660219,2319.645398
1777111226070,2321.620441
1777114850864,2320.055520
1777118449027,2313.805646
1777122023882,2313.743482
1777125660408,2317.686528
1777129274055,2316.708439
1777132838657,2308.605052
1777136408288,2309.782376
1777140022522,2310.326687
1777143655465,2312.200985
1777147215151,2310.737156
1777150812672,2313.442912
1777154433534,2315.511030
1777158012392,2318.708122
1777161646576,2319.150324
1777165226771,2314.419675
1777168843891,2314.197831
1777172415079,2315.343024
1777176012708,2310.432684
1777179641616,2318.372692
1777183239653,2328.475205
1777186802810,2330.012500
1777190449300,2331.673749
1777194074752,2332.885975
1777197639000,2334.592028
1777201235751,2332.906345
1777204834551,2336.259740
1777208457642,2328.624342
1777212050423,2334.057465
1777215654611,2347.455956
1777219211942,2347.030807
1777222854195,2344.129035
1777226432664,2349.896193
1777230055840,2361.830101
1777233653831,2368.171015
1777237238050,2363.746618
1777240813056,2363.925413
1777244421714,2363.392814
1777248025526,2369.743029
1777251613484,2387.294859
1777255225046,2393.042987
1777258862815,2393.670453
1777262459854,2394.994973
1777266049070,2382.546997
1777269632179,2324.771477
1777273208458,2321.737909
1777276840905,2317.339602
1777280417312,2318.637134
1777284001665,2322.953191
1777287648127,2320.955236
1777291221688,2320.411392
1777294825612,2313.194785
1777298464985,2312.753415
1777302066897,2314.799900
1777305676774,2274.049938
1777309224236,2276.311634
1777312812431,2286.979799
1777316454674,2288.795769
1777320031915,2287.497848
1777323648934,2292.067807
1777327243684,2287.570094
1777330823703,2294.561587
1777334441359,2303.324201
1777338034349,2307.062664
1777341609973,2298.980979
1777345256930,2287.753936
1777348805106,2290.079512
1777352439155,2288.879567
1777356038083,2289.373793
1777359628128,2277.783835
1777363241713,2286.997229
1777366842684,2286.300044
1777370476341,2281.543920
1777374044023,2284.411529
1777377618818,2274.291411
1777381246860,2277.101444
1777384846987,2275.876615
1777388457091,2270.071937
1777392053712,2279.108629
1777395635150,2285.698723
1777399253546,2289.935361
1777402846174,2296.442627
1777406439426,2302.416856
1777410024601,2295.639943
1777413645972,2290.100473
1777417244439,2285.749858
1777420804407,2289.165429
1777424448171,2292.252109
1777428054486,2291.591673
1777431609350,2287.264889
1777435211810,2310.424267
1777438857775,2327.408750
1777442407421,2327.926653
1777446032152,2323.038535
1777449611671,2322.603898
1777453256797,2324.255335
1777456874310,2339.683924
1777460450485,2332.665881
1777464052769,2331.220925
1777467612887,2315.498081
1777471215478,2302.454688
1777474865554,2299.825043
1777478433000,2271.045720
1777482055051,2265.456006
1777485664652,2274.029573
1777489256417,2234.978407
1777492845871,2231.979881
1777496419484,2243.237841
1777500036520,2252.525646
1777503639682,2256.892571
1777507247626,2253.458358
1777510852284,2272.417811
1777514442998,2268.574314
1777518040808,2243.584838
1777521615318,2253.652793
1777525238381,2238.180211
1777528815133,2242.642512
1777532451768,2246.340525
1777536060004,2258.414726
1777539605998,2256.085095
1777543241403,2262.454625
1777546848735,2259.887226
1777550449649,2257.505716
1777554063147,2264.370394
1777557651379,2262.500457
1777561246892,2261.202795
1777564859945,2265.728633
1777568403572,2255.922245
1777572026417,2257.490963
1777575642635,2260.025892
1777579239849,2261.226852
1777582851838,2263.654914
1777586447073,2254.923722
1777590005460,2252.420782
1777593650261,2255.980292
1777597240772,2258.129380
1777600837579,2266.977557
1777604401546,2264.767240
1777608027365,2281.881131
1777611624687,2279.026522
1777615239879,2282.702641
1777618872648,2278.345578
1777622472991,2278.386556
1777626017575,2285.392742
1777629601950,2280.702643
1777633254594,2280.689147
1777636847576,2285.946655
1777640445365,2302.165449
1777644072099,2317.043014
1777647603332,2307.642654
1777651245810,2306.772265
1777654804093,2302.427531
1777658453432,2311.794676
1777662035910,2303.790264
1777665635718,2305.865052
1777669275069,2284.370228
1777672873603,2291.930073
1777676474398,2293.021408
1777680079362,2294.663689
1777683676072,2296.787346
1777687241559,2297.410238
1777690842978,2303.042275
1777694437553,2304.767635
1777698006933,2300.326166
1777701626863,2299.539248
1777705243569,2304.315614
1777708844700,2300.629231
1777712442215,2302.676710
1777716037802,2304.775999
1777719647911,2303.657121
1777723247989,2301.095621
1777726852292,2303.000202
1777730468438,2308.272590
1777734058127,2306.303145
1777737624577,2308.405263
1777741236228,2308.687545
1777744804183,2305.418892
1777748443847,2309.929111
1777752016254,2310.579247
1777755640212,2311.152786
1777759225096,2325.740499
1777762835808,2325.529608
1777766460323,2316.458634
1777770043845,2313.696719
1777773624291,2303.454516
1777777265574,2302.982879
1777780851625,2301.550997
1777784433851,2301.103572
1777788070723,2303.681501
1777791669190,2304.381074
1777795222856,2308.843005
1777798805401,2307.991167
1777802468259,2315.999205
1777806034454,2311.425177
1777809616843,2319.532868
1777813248836,2324.353418
1777816835890,2323.119129
1777820426492,2327.328850
1777824072351,2327.132990
1777827634730,2328.006332
1777831210956,2331.106522
1777834825476,2329.992442
1777838454570,2335.170951
1777842033921,2329.014313
1777845647676,2322.713080
1777849212827,2343.476817
1777852824623,2322.098013
1777856408265,2318.066178
1777860033575,2345.268331
1777863642446,2378.257479
1777867219891,2383.653552
1777870833284,2390.082871
1777874445172,2375.914815
1777878034483,2369.054691
1777881653212,2362.727810
1777885251171,2360.916196
1777888850576,2367.917346
1777892427793,2337.846466
1777896028036,2337.447862
1777899641692,2339.872208
1777903233811,2336.616822
1777906828855,2373.058403
1777910459202,2348.391775
1777914026836,2352.748673
1777917621535,2373.133004
1777921227227,2360.255419
1777924838616,2356.445863
1777928448904,2349.923117
1777932030774,2360.793687
1777935654971,2354.115440
1777939215458,2346.336261
1777942870084,2357.725554
1777946417944,2360.996818
1777950043126,2365.878936
1777953628767,2382.132542
1777957275170,2380.461118
1777960811236,2379.334835
1777964457490,2377.472793
1777968060001,2380.162075
1777971630822,2375.644074
1777975269669,2368.369364
1777978859852,2376.649868
1777982447871,2378.659713
1777986008306,2388.441791
1777989658657,2388.236298
1777993213012,2378.373635
1777996856374,2381.297229
1778000474221,2365.146569
1778004025292,2363.198748
1778007675054,2372.132453
1778011231742,2372.417702
1778014844884,2382.601619
1778018424204,2375.984340
1778022048522,2367.366952
1778025642212,2361.085707
1778029244341,2364.562040
1778032852932,2371.669820
1778036412678,2369.404213
1778040007161,2376.572683
1778043625184,2365.639562
1778047254786,2364.211165
1778050849120,2369.950233
1778054419250,2370.522164
1778058011659,2391.820991
1778061672438,2410.957544
1778065261257,2411.264545
1778068855225,2409.702451
1778072406629,2404.420227
1778076027436,2370.056607
1778079635862,2358.454936
1778083236835,2358.489326
1778086809869,2358.785671
1778090430614,2349.592908
1778094006122,2345.877719
1778097652568,2348.849823
1778101230716,2349.252899
1778104823409,2353.932287
1778108416992,2347.436897
1778112039005,2350.478119
1778115652651,2331.682195
1778119203391,2327.135832
1778122841591,2321.696069
1778126416764,2322.575300
1778130031459,2326.581774
1778133612893,2329.565853
1778137238403,2335.931163
1778140827217,2343.700764
1778144472522,2334.124322
1778148070421,2328.131003
1778151626787,2326.913124
1778155225897,2329.723805
1778158821090,2333.424576
1778162457425,2314.859894
1778166066730,2298.102725
1778169616724,2293.599967
1778173270147,2290.837920
1778176836903,2299.431657
1778180456586,2296.769129
1778184011310,2293.580752
1778187625792,2288.713476
1778191248261,2290.424075
1778194835505,2286.648943
1778198403838,2291.184889
1778202032288,2284.731915
1778205638011,2284.164450
1778209231699,2278.383557
1778212812490,2279.450678
1778216448743,2281.180899
1778220036376,2277.834550
1778223603679,2274.115066
1778227230594,2280.789680
1778230830923,2283.995280
1778234415547,2283.119301
1778238038694,2287.424884
1778241607886,2295.501250
1778245255473,2285.348267
1778248839412,2275.152560
1778252434896,2284.284408
1778256061627,2291.382848
1778259644023,2289.300583
1778263256252,2304.467808
1778266808936,2317.657427
1778270456035,2314.783488
1778274049297,2306.152998
1778277643970,2313.860370
1778281228703,2310.746954
1778284836563,2306.831183
1778288457289,2308.250925
1778292055241,2314.904383
1778295658072,2317.105479
1778299206768,2315.342537
1778302855681,2311.889590
1778306471867,2314.947179
1778310023341,2313.651394
1778313613091,2314.655030
1778317258718,2316.457420
1778320828360,2312.494408
1778324464950,2312.184550
1778328023914,2314.413194
1778331629544,2316.214249
1778335254932,2313.936153
1778338822300,2307.617052
1778342443612,2316.943726
1778346077577,2320.082279
1778349601052,2328.938689
1778353234938,2329.456305
1778356833983,2331.731186
1778360416762,2329.003841
1778364046706,2330.912516
1778367608297,2329.547960
1778371238601,2326.457302
1778374808096,2322.795864
1778378445868,2322.615504
1778382018813,2326.686582
1778385637620,2327.710695
1778389224440,2328.071220
1778392844576,2327.027531
1778396449051,2328.599980
1778400023730,2326.963281
1778403641564,2329.385113
1778407253794,2327.927817
1778410837170,2325.161106
1778414454831,2321.863398
1778418055246,2322.723853
1778421602213,2328.802745
1778425219796,2329.945138
1778428842765,2347.674351
1778432443480,2349.301379
1778436034434,2362.672265
1778439642736,2358.603590
1778443219047,2364.679141
1778446844548,2327.900622
1778450422464,2331.001663
1778454046183,2373.928560
1778457654355,2368.837666
1778461219259,2350.829735
1778464892048,2357.554101
1778468427730,2344.696484
1778472063281,2329.138961
1778475669964,2333.236969
1778479215340,2335.304403
1778482808939,2333.369498
1778486461376,2329.749017
1778490007045,2330.400147
1778493637492,2335.392462
1778497234148,2329.742838
1778500826613,2334.444969
1778504442993,2329.722462
1778508035888,2321.018211
1778511622145,2315.409572
1778515246657,2332.180654
1778518866376,2330.045295
1778522466607,2336.715316
1778526054991,2336.276045
1778529606113,2338.900925
1778533242838,2337.196861
1778536922923,2339.992927
1778540447843,2341.142220
1778544036510,2339.603402
1778547648670,2333.416171
1778551240600,2311.250633
1778554843304,2314.534472
1778558413751,2308.601502
1778562048540,2310.728577
1778565609043,2310.618719
1778569237424,2303.213197
1778572831223,2296.052907
1778576452728,2286.735272
1778580009485,2290.529737
1778583658494,2285.391070
1778587249893,2285.987406
1778590852862,2287.593562
1778594408477,2272.255471
1778598035210,2268.234934
1778601645152,2263.370239
1778605222342,2263.212739
1778608824419,2275.220401
1778612436011,2279.866155
1778616036060,2284.444197
1778619628873,2284.174811
1778623236933,2284.683440
1778626825620,2282.256260
1778630469866,2274.643165
1778634050375,2282.543500
1778637638504,2289.586453
1778641210800,2293.115568
1778644870566,2300.933985
1778648423499,2306.240331
1778652033118,2296.783829
1778655636296,2301.021913
1778659240639,2300.008813
1778662814043,2315.048919
1778666455187,2319.816331
1778670027027,2307.856486
1778673627354,2301.184864
1778677208034,2283.201922
1778680850159,2261.454853
1778684404727,2266.220151
1778688045310,2237.506366
1778691604922,2249.830556
1778695231456,2258.059579
1778698851737,2259.737599
1778702425072,2255.520075
1778706048556,2262.211355
1778709642120,2255.385995
1778713229522,2258.563791
1778716825607,2257.617109
1778720433882,2266.477032
1778724020552,2264.278925
1778727640570,2250.496795
1778731208616,2240.045615
1778734808284,2255.732748
1778738441319,2267.755154
1778742051420,2267.317823
1778745642738,2265.477245
1778749251799,2265.553566
1778752867590,2256.979244
1778756460028,2261.188750
1778760050811,2254.275760
1778763647049,2259.906321
1778767227134,2254.625696
1778770817757,2286.029699
1778774448867,2297.357498
1778778049988,2306.944287
1778781637925,2309.037130
1778785214037,2309.857421
1778788855222,2298.263180
1778792436776,2297.181220
1778796044476,2296.744665
1778799604093,2297.346505
1778803231040,2281.496496
1778806856018,2290.265839
1778810413624,2276.116670
1778814055944,2276.439610
1778817623556,2273.127357
1778821268495,2263.708650
1778824869490,2244.703734
1778828471254,2254.392902
1778832006007,2264.748816
1778835607366,2256.318739
1778839247770,2253.122404
1778842826617,2262.366670
1778846435359,2257.108878
1778850041487,2253.172152
1778853607105,2214.188263
1778857200763,2214.641833
1778860856092,2221.591501
1778864404938,2222.284033
1778868065922,2228.128974
1778871630208,2226.805675
1778875239990,2222.567350
1778878862308,2218.633863
1778882437350,2216.307840
1778886035788,2222.852358
1778889636008,2223.599958
1778893252734,2225.430258
1778896828747,2228.930498
1778900436232,2227.510002
1778904030038,2226.645980
1778907640276,2224.418169
1778911244806,2223.925467
1778914843060,2214.672090
1778918454744,2193.650457
1778922045979,2192.797148
1778925660446,2173.201224
1778929231911,2172.334273
1778932836242,2175.431354
1778936404076,2175.788675
1778940038631,2176.916843
1778943648974,2178.929275
1778947242820,2178.934894
1778950830508,2173.046190
1778954452525,2178.215817
1778958053744,2180.567392
1778961650204,2178.452079
1778965226086,2180.785487
1778968842507,2182.038968
1778972418999,2179.623316
1778976041132,2179.876738
1778979630005,2176.339336
1778983247950,2169.413835
1778986859769,2172.706393
1778990458548,2180.570902
1778994072570,2186.642350
1778997611169,2185.317511
1779001217672,2183.823583
1779004839984,2185.210815
1779008405804,2184.925070
1779012041181,2190.031508
1779015665143,2192.289182
1779019238883,2190.998013
1779022841786,2193.421508
1779026457661,2190.986488
1779030012663,2185.968322
1779033646180,2185.457556
1779037234514,2182.045463
1779040838592,2182.623267
1779044408400,2186.536467
1779048050307,2191.243856
1779051631401,2188.328203
1779055230178,2191.152893
1779058845704,2177.612740
1779062446732,2128.000228
1779066043205,2112.081825
1779069661170,2117.773099
1779073239754,2114.367220
1779076844673,2117.783225
1779080420029,2122.968575
1779084047146,2117.462787
1779087642199,2117.737924
1779091251213,2120.158151
1779094823977,2120.459064
1779098435828,2115.623937
1779102047926,2114.095680
1779105627007,2132.924754
1779109208978,2151.341361
1779112837664,2129.795098
1779116413626,2107.561307
1779120050731,2107.051769
1779123637019,2097.929032
1779127223072,2106.529703
1779130816189,2081.326415
1779134453414,2122.536338
1779138018535,2115.903928
1779141644847,2136.407943
1779145227328,2133.588509
1779148849193,2128.491501
1779152455373,2135.051163
1779156046124,2124.409250
1779159652306,2121.228131
1779163238652,2129.635617
1779166839963,2132.081618
1779170427863,2134.139284
1779174017899,2135.730170
1779177670580,2139.812572
1779181246121,2132.783031
1779184838439,2113.244597
1779188424599,2117.041328
1779192031188,2109.567333
1779195651653,2117.138324
1779199237536,2118.180317
1779202862954,2104.238121
1779206406881,2106.944600
1779210069719,2119.873762
1779213623783,2113.773320
1779217245118,2113.496764
1779220806633,2110.426569
1779224407887,2116.736459
1779228043972,2115.950786
1779231630745,2105.008984
1779235242081,2109.754153
1779238833909,2108.716308
1779242463206,2113.544755
1779246024381,2106.918892
1779249632885,2109.730034
1779253234846,2111.007395
1779256846619,2122.862769
1779260466025,2131.038570
1779264045814,2127.544897
1779267625796,2129.307534
1779271245704,2126.848177
1779274851489,2128.708625
1779278439957,2126.107423
1779282036835,2132.694648
1779285646759,2117.841684
1779289222343,2134.692972
1779292867341,2134.034408
1779296456896,2132.305879
1779300020228,2138.500709
1779303658733,2130.155983
1779307250861,2137.712144
1779310820443,2134.534409
1779314412758,2129.383703
1779318052496,2125.955988
1779321638019,2127.293809
1779325262427,2140.710778
1779328808688,2139.128402
1779332442075,2140.817958
1779336053155,2143.641101
1779339648095,2143.267822
1779343208728,2133.963202
1779346816941,2126.386197
1779350474878,2133.771269
1779354008613,2136.182286
1779357607729,2126.628839
1779361240270,2112.620897
1779364859564,2113.790444
1779368438209,2115.616539
1779372071942,2117.669773
1779375650520,2119.406803
1779379263927,2130.356774
1779382832827,2125.411759
1779386463485,2147.340675
1779390007915,2123.660147
1779393632685,2141.061865
1779397236056,2136.698066
1779400838095,2132.944208
1779404444772,2129.836143
1779408039339,2131.694273
1779411646890,2128.060291
1779415247548,2133.250112
1779418838915,2134.994310
1779422449673,2135.811000
1779426045068,2131.855583
1779429630558,2127.785035
1779433258582,2123.466595
1779436848494,2126.687084
1779440436676,2120.928526
1779444014886,2121.934613
1779447654466,2120.633898
1779451244714,2127.485911
1779454814630,2131.009095
1779458451541,2126.439822
1779462059277,2115.299138
1779465654440,2117.792968
1779469235220,2120.440634
1779472830969,2117.792679
1779476417857,2097.642131
1779480046569,2064.345914
1779483615370,2070.625981
1779487242936,2075.877532
1779490839149,2070.415616
1779494450325,2064.378141
1779498054559,2062.780566
1779501645690,2066.437529
1779505235341,2066.411724
1779508843213,2068.503682
1779512429110,2064.519069
1779516068274,2062.302218
1779519666640,2059.066831
1779523271926,2025.146252
1779526813787,2027.766067
1779530432068,2025.401161
1779534059247,2029.392824
1779537644732,2029.828705
1779541216253,2028.606508
1779544841540,2042.498661
1779548461011,2059.886055
1779552046988,2057.815593
1779555651361,2059.430025
1779559233339,2061.963405
1779562818477,2072.275327
1779566443821,2074.873217
1779570037988,2141.814689
1779573655170,2113.289530
1779577229636,2113.971511
1779580821602,2115.708148
1779584403584,2116.275670
1779588026299,2119.487649
1779591608129,2120.366232
1779595225416,2116.763687
1779598815660,2118.314505
1779602416672,2117.458292
1779606041929,2125.318915
1779609651935,2117.614299
1779613264600,2117.624299
1779616821170,2120.755006
1779620452160,2119.427087
1779624016230,2122.748349
1779627640627,2117.378590
1779631205113,2106.355888
1779634852437,2095.184217
1779638456121,2093.103014
1779642025558,2101.648761
1779645650287,2100.883780
1779649226935,2097.443842
1779652849923,2098.157176
1779656422285,2089.648526
1779660047144,2067.461783
1779663648340,2089.167023
1779667223301,2098.138644
1779670834737,2101.615693
1779674437537,2094.499683
1779678041897,2095.411286
1779681609689,2093.651480
1779685269395,2103.197611
1779688867880,2105.486040
1779692435181,2106.102288
1779696063840,2112.198270
1779699640966,2114.508220
1779703222558,2115.212416
1779706863932,2114.855199
1779710405540,2112.844427
1779714050939,2116.031015
1779717646568,2114.129829
1779721211143,2126.432989
1779724875822,2125.602775
1779728463658,2134.241713
1779732052955,2127.581636
1779735647936,2125.091228
1779739242623,2118.826635
1779742842250,2108.684840
1779746449860,2109.077920
1779750036764,2104.081941
1779753642106,2111.208836
1779757252615,2096.405884
1779760806400,2093.386193
1779764456716,2086.494666
1779768008342,2090.916154
1779771646927,2092.483131
1779775242732,2097.914036
1779778830659,2099.690513
1779782459441,2093.372263
1779786039203,2095.470082
1779789645971,2094.444429
1779793257243,2126.027092
1779796859066,2119.345325
1779800487885,2123.489494
1779804078499,2123.243191
1779807657760,2109.263844
1779811306078,2085.051828
1779814880251,2077.088103
1779818485960,2067.024130
1779822129439,2065.581944
1779825772028,2072.100892
1779829383291,2075.253359
1779832957662,2073.757890
1779836483272,2066.012720
1779840125885,2070.833946
1779843794338,2075.901793
1779847251675,2072.037725
1779850863780,2071.565776
1779854442441,2067.626597
1779858047787,2069.612453
1779861608602,2074.448980
1779865218451,2076.122670
1779868858209,2080.773543
1779872463654,2082.081441
1779876062825,2080.593729
1779879657944,2077.128841
1779883215459,2077.059418
1779886822985,2076.381963
1779890461240,2059.365880
1779894035409,2059.323241
1779897668365,2067.366201
1779901252837,2067.184599
1779904811999,2048.027285
1779908439938,2053.200497
1779912025504,2054.235398
1779915626936,2060.437135
1779919221724,2017.707029
1779922828592,2023.436362
1779926445821,2022.506249
1779930022475,2024.543632
1779933624616,2017.813973
1779937218784,2014.984939
1779940848317,1979.202032
1779944428363,1978.412970
1779948046015,1974.802592
1779951639592,1980.031967
1779955215440,1991.368254
1779958847294,1985.240054
1779962422712,1990.574538
1779966045277,1988.147201
1779969637849,1986.592282
1779973253166,1988.755619
1779976849233,1978.329369
1779980412868,1989.815533
1779984018554,1986.815424
1779987633634,2010.207085
1779991255283,2017.315715
1779994874170,2022.303049
1779998449692,2012.989834
1780002049475,2011.428006
1780005611843,2018.184785
1780009241509,2003.804479
1780012826112,2007.562411
1780016444119,2009.348087
1780020049185,2005.613029
1780023637125,1996.150799
1780027237839,2000.233278
1780030818592,2005.667444
1780034416085,2010.319501
1780038020955,2015.291982
1780041633226,2004.016326
1780045229063,2003.213591
1780048843267,2011.859252
1780052428264,2009.085920
1780056043904,2004.139059
1780059620598,1997.220010
1780063266755,1997.950512
1780066849851,2000.027797
1780070404138,2028.063494
1780074049728,2037.950786
1780077612129,2025.988845
1780081265709,2007.864376
1780084847328,2015.338578
1780088427458,2015.346309
1780092041640,2006.666784
1780095631654,2011.081931
1780099236992,2012.230103
1780102858839,2013.541288
1780106426080,2016.625803
1780110017662,2018.282724
1780113641870,2014.182974
1780117244207,2008.364198
1780120829247,2013.488872
1780124452135,2014.575330
1780128044883,2013.488489
1780131638405,2011.770098
1780135241195,2014.160417
1780138837301,2015.009799
1780142409874,2014.674573
1780146051155,2016.753101
1780149663792,2017.757824
1780153240199,2023.857104
1780156820345,2023.804458
1780160449642,2023.938421
1780164048541,2024.172570
1780167657285,2025.086900
1780171246860,2025.559243
1780174845725,2023.978487
1780178440275,2026.246215
1780182038029,2020.335144
1780185642632,2019.175627
1780189233750,2023.969541
1780192842287,2026.126964
1780196446870,2031.451864
1780200046532,2030.851817
1780203655327,2031.015272
1780207260718,2027.066800
1780210868242,2027.171696
1780214455661,2021.325338
1780218030917,2024.195255
1780221641685,2019.441356
1780225236995,2017.320377
1780228867905,2020.245560
1780232412570,2019.453183
1780236066888,2017.833240
1780239648329,2005.417236
1780243265706,2008.067251
1780246843397,1999.633757
1780250443083,2002.841743
1780254048657,1997.865441
1780257643559,1996.960958
1780261212286,2003.887172
1780264848411,2008.962323
1780268427963,2010.727403
1780272006283,2004.287289
1780275650480,2012.515674
1780279203742,1993.788083
1780282892836,2008.915089
1780286429430,2006.702263
1780290072112,1998.000353
1780293660348,1992.146306
1780297271038,1984.986103
1780300828797,1974.316496
1780304466749,1980.962742
1780308052425,1985.251342
1780311676642,1981.885147
1780315215627,1979.712477
1780318865383,1986.670032
1780322415409,1965.419603
1780326077660,1963.502377
1780329677361,1965.000076
1780333241563,1974.378284
1780336819903,1988.847121
1780340454789,1991.310246
1780344068753,2001.905546
1780347652111,2002.572805
1780351246114,1992.277611
1780354836315,2002.564810
1780358470538,2003.365152
1780362057385,1994.646822
1780365651242,1980.753091
1780369240807,1991.125474
1780372846073,2000.764782
1780376456797,1994.430239
1780380033227,1982.855243
1780383668005,1978.792508
1780387235928,1979.627987
1780390841784,1975.738856
1780394451272,1972.243047
1780398048589,1980.794384
1780401639667,1976.814697
1780405265772,1974.610082
1780408840700,1971.640094
1780412467990,1937.501151
1780416002616,1911.635685
1780419625456,1918.837024
1780423216835,1920.599252
1780426874825,1909.569619
1780430450700,1907.843989
1780434052365,1905.281479
1780437653625,1898.618085
1780441226388,1866.241943
1780444848174,1857.989455
1780448457644,1867.048413
1780452037572,1861.796056
1780455621338,1851.637804
1780459277091,1825.659664
1780462807987,1848.255291
1780466439995,1871.695402
1780470009499,1869.202864
1780473618282,1875.391939
1780477260134,1877.493309
1780480870367,1875.634204
1780484445207,1882.062183
1780488019397,1875.631129
1780491665898,1874.331337
1780495276555,1864.524154
1780498829435,1854.906344
1780502458532,1834.834078
1780506074060,1830.112601
1780509669775,1826.272082
1780513202525,1830.735256
1780516840182,1801.107558
1780520440735,1777.568858
1780524039799,1844.881012
1780527647244,1825.214464
1780531264048,1811.350354
1780534846144,1789.274237
1780538429596,1757.937352
1780542059978,1765.158021
1780545648848,1806.348148
1780549206782,1802.120767
1780552835538,1781.243553
1780556450658,1787.895037
1780560024639,1776.592422
1780563651158,1771.388533
1780567253803,1761.460908
1780570835189,1735.429695
1780574406362,1748.552978
1780578052964,1775.738596
1780581610031,1782.287089
1780585239816,1771.786027
1780588859753,1776.530199
1780592462532,1770.494533
1780596048281,1766.336467
1780599658340,1775.009307
1780603259995,1775.182138
1780606878581,1771.621788
1780610450712,1760.516405
1780614043396,1766.854056
1780617626896,1769.179095
1780621249482,1758.932684
1780624839806,1752.749756
1780628425587,1730.547136
1780632069120,1728.064627
1780635654411,1738.069363
1780639260471,1683.794465
1780642831312,1655.434238
1780646447819,1674.622497
1780650045653,1662.546458
1780653609878,1679.941502
1780657273995,1674.121032
1780660837406,1663.425786
1780664464134,1655.734327
1780668056319,1618.577561
1780671672399,1599.452489
1780675268702,1582.983701
1780678816267,1608.876510
1780682473272,1592.153689
1780686021877,1552.362146
1780689661058,1574.951718
1780693209802,1603.531960
1780696849562,1610.111255
1780700435947,1598.264849
1780704077344,1580.619759
1780707645031,1593.405443
1780711249778,1583.527125
1780714845604,1576.588245
1780718413241,1563.718856
1780722059339,1522.578432
1780725658603,1565.701781
1780729219949,1557.921028
1780732852526,1575.099874
1780736457123,1582.568059
1780740046970,1569.608852
1780743654949,1545.981059
1780747243583,1557.915399
1780750856331,1571.372144
1780754410749,1556.852188
1780758023176,1558.439645
1780761659399,1561.211596
1780765247067,1561.449118
1780768853056,1552.049479
1780772454387,1556.452911
1780776057975,1554.772839
1780779614708,1557.217631
1780783204442,1558.669324
1780786816846,1558.915064
1780790439891,1568.766143
1780794049836,1564.995236
1780797646537,1589.353814
1780801236895,1592.260163
1780804835148,1594.126279
1780808447441,1596.919313
1780812073155,1603.569417
1780815671715,1614.129167
1780819261468,1613.845036
1780822822932,1639.048828
1780826465668,1632.841462
1780830011490,1626.030643
1780833642377,1629.375974
1780837253169,1619.209092
1780840838204,1617.677805
1780844448795,1626.989771
1780848046471,1628.674150
1780851671967,1626.922814
1780855217428,1631.137622
1780858847732,1630.653095
1780862405513,1612.804584
1780866021293,1628.231973
1780869630029,1632.943775
1780873245762,1674.552285
1780876851078,1687.044264
1780880442927,1695.798400
1780884039985,1684.070741
1780887622201,1683.159846
1780891249876,1678.331079
1780894823217,1659.961516
1780898449811,1651.836170
1780902030855,1665.555136
1780905631448,1671.276420
1780909214830,1661.911443
1780912850823,1669.340174
1780916479895,1670.500886
1780920045480,1682.208825
1780923641486,1694.101764
1780927250096,1681.509032
1780930809574,1691.099224
1780934438425,1690.489984
1780938053914,1682.847766
1780941651296,1684.214354
1780945226817,1683.403655
1780948807932,1683.833521
1780952429442,1687.591012
1780956025279,1706.384377
1780959646708,1702.373286
1780963237479,1690.095113
1780966857660,1662.038420
1780970433581,1668.502684
1780974060317,1667.080824
1780977664671,1668.397006
1780981223013,1686.334541
1780984831697,1687.353035
1780988440254,1684.913678
1780992040026,1679.071444
1780995634067,1674.435192
1780999239716,1669.785351
1781002838799,1674.077786
1781006434314,1672.149698
1781010048491,1673.505799
1781013621951,1670.040053
1781017250455,1642.895449
1781020873207,1635.687634
1781024444593,1631.055852
1781028055466,1642.733088
1781031643373,1651.994001
1781035268835,1655.700648
1781038821751,1658.508874
1781042463844,1648.049506
1781046034923,1639.173844
1781049662444,1637.835075
1781053244203,1642.934469
1781056836716,1637.917357
1781060440552,1624.370611
1781064056127,1629.169623
1781067627951,1624.528378
1781071211878,1627.117692
1781074842905,1630.913414
1781078452016,1638.875124
1781082047070,1620.420693
1781085656635,1622.465211
1781089216015,1627.095806
1781092834993,1619.110689
1781096425994,1635.530116
1781100039015,1651.097423
1781103664902,1642.658785
1781107241367,1656.615246
1781110811838,1639.248931
1781114472691,1630.868436
1781118006639,1629.249165
1781121622666,1629.972774
1781125241301,1627.847876
1781128801556,1608.808822
1781132424407,1616.431542
1781136055197,1620.480978
1781139603272,1628.135984
1781143230305,1641.955182
1781146808419,1640.654368
1781150405880,1655.788386
1781154014167,1655.066916
1781157658176,1647.150117
1781161254643,1653.144915
1781164859415,1652.780925
1781168426607,1658.245988
1781172040273,1657.613475
1781175663981,1657.930629
1781179242489,1665.778343
1781182864877,1650.750470
1781186400317,1656.866346
1781190042979,1644.193893
1781193664891,1642.755191
1781197219689,1638.101057
1781200814203,1682.869770
1781204429979,1683.109895
1781208012919,1680.404616
1781211631316,1670.304571
1781215242021,1675.259943
1781218844389,1676.116912
1781222425649,1671.889092
1781226033266,1672.320893
1781229605615,1664.120382
1781233251691,1673.159306
1781236852667,1670.749875
1781240429569,1675.624934
1781244057128,1662.627027
1781247625260,1656.004880
1781251273925,1659.669054
1781254873605,1671.406438
1781258408377,1679.620608
1781262062905,1673.326425
1781265646861,1672.652990
1781269253755,1664.461112
1781272856763,1654.516633
1781276461024,1683.468766
1781280064493,1661.328442
1781283662838,1671.413161
1781287210127,1667.597105
1781290845540,1667.151588
1781294453655,1665.124934
1781298042942,1664.145750
1781301647377,1663.051184
1781305244821,1661.596740
1781308847625,1665.047345
1781312408907,1667.279610
1781316019960,1672.873564
1781319631265,1666.974699
1781323244057,1664.646251
1781326836401,1663.852118
1781330453583,1663.444002
1781334046477,1668.798040
1781337625889,1675.645918
1781341273316,1673.742318
1781344864407,1673.093375
1781348457797,1672.760882
1781352032907,1677.417613
1781355629098,1680.679482
1781359251215,1677.013411
1781362833295,1678.879861
1781366412582,1681.317850
1781370012848,1675.337794
1781373603961,1673.260858
1781377241984,1677.354874
1781380844577,1678.139932
1781384443676,1675.623514
1781388046431,1685.841807
1781391642657,1681.026122
1781395230203,1680.028685
1781398850073,1681.373055
1781402435820,1683.540806
1781406033679,1681.881985
1781409638872,1680.822951
1781413237351,1678.008250
1781416839837,1677.689203
1781420443808,1675.620747
1781424043749,1675.230600
1781427647839,1674.682919
1781431220271,1677.390125
1781434806453,1672.372527
1781438424434,1672.989708
1781442044374,1666.144733
1781445650778,1665.915508
1781449240202,1657.746987
1781452838193,1662.405137
1781456443392,1660.475616
1781460019814,1661.354750
1781463639604,1661.202925
1781467212141,1664.267916
1781470835159,1669.943593
1781474409599,1719.447583
1781478046896,1720.494116
1781481629693,1724.631984
1781485222912,1720.230243
1781488876450,1715.373434
1781492442037,1715.712021
1781496027737,1719.390997
1781499606102,1716.876956
1781503219592,1719.745002
1781506833531,1719.048341
1781510404984,1715.770507
1781514027956,1719.502852
1781517672217,1717.277417
1781521262302,1736.303268
1781524873869,1763.157839
1781528420166,1775.256803
1781532074304,1813.909838
1781535612055,1814.453748
1781539217293,1843.455587
1781542848477,1842.851394
1781546474296,1827.614202
1781550061406,1828.529175
1781553635095,1819.598784
1781557255504,1815.613783
1781560829059,1810.293133
1781564430269,1789.380834
1781568043901,1795.314451
1781571647632,1789.753772
1781575216911,1791.391042
1781578849945,1768.511137
1781582424919,1778.439519
1781586085532,1760.307833
1781589628491,1761.371099
1781593252504,1771.121829
1781596872735,1772.936091
1781600449839,1801.561683
1781604041784,1788.350936
1781607650927,1793.228132
1781611240066,1797.428829
1781614853548,1813.178143
1781618446914,1797.675977
1781622051726,1779.144723
1781625629267,1782.437078
1781629206082,1776.865114
1781632833262,1793.555821
1781636409006,1798.240319
1781640041115,1793.548803
1781643630117,1795.719185
1781647241971,1794.769802
1781650821209,1794.386798
1781654438055,1790.579208
1781658031702,1793.416265
1781661608667,1796.263750
1781665204800,1793.839047
1781668809967,1791.080294
1781672439280,1793.108263
1781676064632,1791.763839
1781679603612,1788.447176
1781683225874,1783.651620
1781686814563,1764.086613
1781690410858,1770.346695
1781694080597,1766.338768
1781697622056,1763.670445
1781701223189,1757.591719
1781704846160,1760.587567
1781708426360,1753.201260
1781712055225,1771.015665
1781715629533,1770.756975
1781719220500,1785.535052
1781723174000,1768.560789
